periodo,year,quarter,inpc_q_eoq,inpc_q_avg,inflacion_yoy_eoq,inflacion_yoy_avg,PIB_USD_corriente,ingresos_mmxn_USD_corriente,gasto_mmxn_USD_corriente,balance_mmxn_USD_corriente,rfsp_total_miles_mxn_USD_corriente,rfsp_sin_ingresos_rec_miles_USD_corriente,balance_tradicional_miles_USD_corriente,ingresos_totales_miles_USD_corriente,gasto_totales_miles_USD_corriente,incurrimiento_neto_pasivos_miles_USD_corriente,adq_neta_activos_fin_miles_USD_corriente,deuda_total_economia_musd,deuda_bruta_publica_musd,activos_fx_publico_musd,posicion_neta_publico_musd,deuda_publica_lp_musd,deuda_publica_cp_musd,deuda_gob_federal_musd,deuda_organismos_empresas_musd,deuda_banca_desarrollo_musd,endeudamiento_neto_total_musd,endeudamiento_neto_lp_musd,endeudamiento_neto_cp_musd,endeudamiento_neto_gf_musd,endeudamiento_neto_oye_musd,endeudamiento_neto_bd_musd,fuente_bancario_musd,fuente_comercio_ext_musd,fuente_capitales_musd,fuente_ofis_musd,fuente_pidiregas_musd,acreedor_eeuu_musd,acreedor_ofis_musd,acreedor_japon_musd,acreedor_otros_musd,moneda_usd_musd,moneda_canasta_musd,CuentaCorriente,Exportaciones,IngresosTurismo,Remesas,Importaciones,BalanzaBienes,BalanzaServicios,BalanzaIngresoPrimario,BalanzaIngresoSecundario,TasaMXN,TasaUSD,tcn_mean,tcn_eop
2002-01-01,2002,1,51.1279,50.9654,4.66,4.75,802045.789981895,34.45208712349811,35.00346195204916,-0.7016699401986064,-4187.852526471717,-5298.399626927086,,,,,,134122.8,81799.0,10082.7,71716.3,77054.0,4746.0,59883.0,13872.0,8045.0,1187.9,126.0,1061.9,668.2,743.1,-223.4,14559.0,20199.0,131273.0,50422.0,6099.0,33917.4,16760.8,8262.8,6014.4,71624.9,3881.2,-3627.093766,36677.187,2413.586,2174.435,38121.517,-1431.944326,-520.406919,-3983.80751,2309.064989,,1.7333,9.1135,9.0771
2002-04-01,2002,2,51.7626,51.5604,4.94,4.77,838789.7786157144,37.692968725244775,34.47842279539909,3.204544292700444,1398.0364819333101,-516.4886931356084,,,,,,129699.2,77950.0,8423.5,69526.5,73659.0,4291.0,57131.0,12867.0,7951.0,-4653.5,-4195.4,-458.1,-3362.8,-1155.5,-135.2,11847.0,20249.0,123898.0,50571.0,6825.0,33107.4,16818.6,7480.0,5557.1,67903.2,4000.3,-2032.123022,41480.504,2144.941,2578.08,42977.609,-1492.583948,-1439.292142,-1807.734396,2707.487464,,1.75,9.4677,9.7502
2002-07-01,2002,3,52.422,52.1472,4.95,5.25,805821.1792772302,35.04351973717462,36.47335122567601,-1.0759925195855442,-4301.312004043467,-4301.312004043467,,,,,,129826.8,78891.0,7587.0,71304.0,74672.0,4219.0,57557.0,12631.0,8703.0,829.6,902.7,-73.1,495.5,-236.0,570.1,12309.0,20365.0,123138.0,50387.0,6196.0,34390.0,16819.1,6714.5,5738.0,69483.7,4015.5,-2711.575496,41367.209,2017.51,2552.8111,42925.083,-1571.399636,-1182.674365,-2637.059303,2679.557808,,1.74,9.8925,10.0554
2002-10-01,2002,4,53.3099,53.0139,5.7,5.34,795432.2611320904,36.3585331602549,44.617164286838175,-8.74314629061443,-10806.54620014161,-12326.132090315476,,,,,,128713.3,78818.1,7290.0,71528.1,76028.6,2789.5,57879.1,12338.3,8600.7,-606.0,820.5,-1426.5,-81.0,-374.8,-150.2,13391.6,19092.6,126145.3,50892.9,4561.1,34670.4,17542.9,6752.8,5378.5,69804.1,3995.5,-4027.253254,41521.08,2281.948,2509.122,44654.68,-3139.032399,-1416.955874,-2112.152543,2640.887562,,1.4433,10.1688,10.2103
2003-01-01,2003,1,54.0129,53.7375,5.64,5.44,748156.5158391955,37.376589142270824,34.456946968506486,2.5186681579944725,-53.70416246845564,-1656.231408472837,,,,,,131968.7,81824.5,7227.6,74596.9,77728.9,4095.6,60417.2,13115.8,8291.5,2152.5,851.2,1301.3,1999.4,429.2,-276.1,13408.1,18094.8,132522.0,52625.4,9008.7,36662.9,17728.4,6561.3,5206.1,72978.2,3818.0,-1700.305073,39051.494,2547.862,3170.126737,39189.409,-137.159866,-709.201785,-4158.363918,3304.420496,,1.25,10.8181,10.9246
2003-04-01,2003,2,53.9751,54.0036,4.27,4.74,789449.6023988064,38.487067487948586,35.512787512434,3.410075656132834,1140.6202655138113,-382.14352666615656,,,,,,128885.1,80084.2,6302.7,73781.5,76013.1,4071.1,59410.2,12765.4,7908.6,-2052.8,-666.7,-1386.1,-1158.9,-499.6,-394.3,13163.6,17241.9,143750.6,52454.9,8486.7,36982.4,17548.3,5664.9,4614.9,71361.7,3836.4,-506.158152,40244.554,2270.156,3904.647328,41891.13,-1648.796158,-1255.705112,-1638.837297,4037.180415,,1.2467,10.4552,10.5
2003-07-01,2003,3,54.5382,54.269,4.04,4.07,766573.92571706,36.14528822452943,37.76412430908276,-1.6407165932178072,-3714.4464259037945,-4004.776105467583,,,,,,126799.9,78090.0,5302.4,72787.6,74638.3,3451.7,57309.3,12497.5,8283.2,-2563.8,-1942.7,-621.1,-2246.4,-686.4,369.0,11066.9,17164.5,144823.6,51904.4,8498.3,36548.6,17171.3,5618.2,4194.9,69812.9,3642.5,-83.157012,41543.041,2154.326,4128.11669,42972.115,-1438.576399,-1448.265473,-1447.554477,4251.239337,,1.0167,10.7104,10.9285
2003-10-01,2003,4,55.4298,55.1202,3.98,3.97,758160.9718025282,36.33505963130509,44.676292935433686,-7.848878895703328,-9728.154379816546,-10657.680369052516,,,,,,129162.3,79023.5,5397.9,73625.6,77335.7,1687.8,58358.3,12157.7,8507.5,4.5,1767.1,-1762.6,310.3,-405.9,100.1,10616.1,15974.2,146907.9,52711.2,7758.3,37764.9,17690.4,4980.7,3923.2,70519.5,3720.5,-1742.999421,43927.347,2389.39,3935.795655,46493.19,-2567.283919,-1565.597309,-1668.391307,4058.273114,,0.9967,11.1854,11.2563
2004-01-01,2004,1,56.2981,56.0601,4.23,4.32,795110.6632606597,40.37499927144236,35.911813653170135,4.29953181064787,3230.4109065078405,1816.9817678451084,,,,,,129461.4,80881.5,5385.1,75496.4,77200.0,3681.5,59286.7,13365.9,8228.9,1613.8,-377.6,1991.4,831.2,1044.8,-262.2,11083.5,16366.0,149580.2,52996.2,13627.8,38891.2,17189.9,4429.1,3723.1,72191.1,3326.9,-1168.96752,43193.014,2926.646742,3733.861218,43716.898,-516.6843,-964.138148,-3565.86754,3877.722468,,1.0033,10.9806,11.0044
2004-04-01,2004,2,56.3317,56.3188,4.37,4.29,815167.8302566175,38.25085143941124,37.170517362513834,0.8383266295470114,5069.902341348603,-1898.3673792001125,,,,,,127985.4,80840.2,3972.2,76868.0,76971.3,3868.9,59515.2,13014.4,8310.6,-1161.8,-1352.4,190.6,-357.7,-915.8,111.7,8871.0,15918.5,150222.5,51713.1,13469.8,39322.3,17083.9,4210.6,3434.1,73306.9,3375.4,1084.074417,47387.843,2613.733873,4968.637676,48507.361,-1128.011544,-1560.447624,-1322.301614,5094.835199,,1.01,11.3866,11.3843
2004-07-01,2004,3,57.2979,56.8684,5.06,4.79,813261.457279849,37.51470214233937,36.28347892158147,2.023990620169256,-305.284670002882,-392.92582597531896,,,,,,129227.8,79937.4,4418.1,75519.3,76853.6,3083.8,59465.9,12529.6,7941.9,-956.2,-171.3,-784.9,-107.6,-482.6,-366.0,8449.3,15205.7,150451.7,51417.9,13975.7,40006.7,17082.0,3721.1,3121.6,72583.0,3771.0,-317.844457,47874.258,2417.515145,5028.024585,49821.87,-1961.74234,-1759.623841,-1766.43555,5169.957274,,1.4333,11.4501,11.486
2004-10-01,2004,4,58.3071,58.0629,5.19,5.34,853611.019334334,40.865033106736114,49.37478590977311,-8.752576851770106,-11891.366469497661,-13585.115917718726,,,,,,128000.8,79225.8,3512.7,75713.1,77149.1,2076.7,60084.2,11003.4,8138.2,-1182.3,-173.7,-1008.6,301.3,-1616.1,132.5,7955.6,15522.3,152195.0,49774.9,10553.0,39016.3,17053.2,3712.1,2927.9,71219.9,3292.6,-3405.909468,49543.44,2837.660469,4601.224478,54763.523,-5236.881135,-1840.61288,-1019.873834,4691.458381,,1.95,11.327,11.2079
2005-01-01,2005,1,58.7671,58.5266,4.39,4.4,845296.8487244624,41.560920694837016,38.6647102758596,2.361760796450678,-151.37384164013022,-328.75049196751223,,,,,,131379.0,79267.9,3704.6,75563.3,75466.1,3801.8,60464.7,11197.8,7605.4,1037.2,-691.2,1728.4,563.2,969.0,-495.0,6903.0,14897.2,154485.5,50222.9,13474.6,39884.7,16615.8,3561.9,2849.0,71623.8,3125.8,-3427.469033,46894.759,3455.566738,4487.522921,48772.027,-1874.076208,-1025.869512,-5168.46474,4640.941427,,2.47,11.1796,11.1386
2005-04-01,2005,2,58.7718,58.8588,4.33,4.51,916463.4499407852,43.76136330509246,42.98043372506149,1.3367533934590508,-1322.815067869181,-1558.0387173180286,,,,,,126585.2,75525.0,6172.6,69352.4,72837.1,2687.9,59106.8,9167.7,7250.5,-3892.5,-2778.4,-1114.1,-1437.9,-2134.1,-320.5,7842.6,13054.4,146148.1,48869.7,11881.8,35804.6,16192.7,2473.2,2321.6,67742.4,2992.8,-171.917095,53977.035,3000.845031,5733.860582,54654.7,-683.873088,-2129.999057,-3250.909054,5892.864104,,2.9433,10.977,10.8292
2005-07-01,2005,3,59.309,59.1277,3.51,3.97,939092.9444594809,44.299081355520926,39.129528498231394,5.648983545969555,3360.8848591187807,2511.2047000849298,,,,,,122875.2,73946.2,8753.6,65192.6,72027.9,1918.3,58779.5,8292.5,6874.2,-1574.2,-803.3,-770.9,-311.6,-896.7,-365.9,8877.5,11505.4,143580.5,48034.9,11256.7,34825.7,15930.4,2367.9,2355.1,67097.7,3261.0,69.895537,54183.346,2688.693138,5785.514002,55871.366,-1711.263856,-1693.404079,-2450.937678,5925.50115,,3.46,10.7147,10.778
2005-10-01,2005,4,60.2503,59.8625,3.33,3.1,973282.9929800977,49.303787013180994,59.24897249915984,-10.429923266494901,-13169.36018072514,-13777.75895224226,,,,,,122655.7,71674.5,5952.0,65722.5,70888.7,785.8,58373.6,6998.4,6302.5,-2332.8,-1193.3,-1139.5,-506.6,-1279.1,-547.1,9588.9,9938.2,139966.2,48056.9,8406.9,32942.1,16827.7,2128.5,2112.4,65480.1,2751.9,-2191.885575,59177.816,2658.304814,5681.373413,62521.433,-3393.296036,-2054.003577,-2560.652826,5816.066864,,3.98,10.7124,10.6268
2006-01-01,2006,1,60.7725,60.6908,3.41,3.7,996432.0524347399,53.283137490083476,48.42427471572664,4.713477201465755,887.1194892523894,-525.0579879868536,,,,,,120778.5,72048.4,7861.4,64187.0,69332.1,2716.3,56865.2,9486.9,5696.3,-138.0,-2061.7,1923.7,-1838.1,2313.4,-613.3,8340.0,9763.7,136626.1,49956.7,14005.3,34840.9,16532.6,2060.3,2094.1,65955.5,2515.2,-1422.713121,58852.393,3280.284713,5734.33167,58119.318,710.475364,-1432.094002,-6593.224826,5892.130343,,4.4567,10.5884,10.7269
2006-04-01,2006,2,60.643,60.6984,3.18,3.13,1005262.656149273,49.851574922999795,46.66645905558342,2.968692607979371,1940.8611489148343,1857.3875438722157,,,,,,126035.4,73002.5,8660.3,64342.2,71019.0,1983.5,56219.3,11127.4,5655.8,729.6,1474.0,-744.4,-784.8,1589.1,-74.7,10283.2,9500.6,134726.4,49264.6,12273.6,34696.2,16723.7,1362.7,3005.5,67778.7,2505.5,-90.500894,63779.715,3007.47796,6947.563053,63931.628,-195.232418,-2032.629308,-4960.583417,7097.944249,,4.9067,11.1688,11.3924
2006-07-01,2006,3,61.7366,61.2218,4.09,3.54,1026864.8329544106,50.06894148154235,45.72516615078387,5.122576857406343,2714.4759452525086,2017.29458277408,,,,,,119335.3,66932.8,12857.4,54075.4,65295.6,1637.2,51180.7,10140.7,5611.4,-7128.4,-6774.6,-353.8,-5551.7,-1543.8,-32.9,12230.1,8912.7,122268.2,49319.6,12570.4,32159.2,15522.0,1198.1,2577.8,62341.7,1958.1,-102.635592,63139.908,2655.525307,6666.888947,65762.721,-2683.833152,-2483.621314,-1720.52656,6785.345434,,5.2467,10.9521,10.981
2006-10-01,2006,4,62.6924,62.3436,4.05,4.14,1051910.642664316,54.567890657998646,66.15711895579675,-11.866581088277965,-17151.89429416194,-17900.00734578444,,,,,,107640.9,54766.3,7519.1,47247.2,53921.6,844.7,41936.3,7212.0,5618.0,-12932.2,-12132.1,-800.1,-9973.8,-2958.9,0.5,6659.5,8979.6,116027.5,25933.0,10603.0,29479.7,8255.4,1002.8,1644.2,50759.6,1392.9,-1613.855968,64153.128,3233.277613,6218.051384,68244.685,-4143.644168,-1730.427946,-2085.156711,6345.372857,,5.2467,10.8906,10.8582
2007-01-01,2007,1,63.3291,63.1792,4.21,4.1,1037410.564590783,55.48933703011272,45.78858067268074,9.296675530466667,6211.419508830523,4219.859782549507,,,,,,110643.8,58674.2,10069.0,48605.2,54762.6,3911.6,41071.7,11786.9,5815.6,1413.5,-1642.7,3056.2,-2290.6,3521.3,182.8,7426.2,9984.3,112774.0,24990.3,21373.5,33833.7,8313.5,989.5,2183.5,47379.4,1814.6,-4868.752608,60269.038,3716.737338,5916.231273,62722.748,-2487.372756,-1136.393448,-7271.86991,6026.883506,,5.2567,11.0186,11.1203
2007-04-01,2007,2,63.0582,63.1107,3.98,3.97,1104828.7884608316,53.55133165459692,52.675211189942296,0.8204522387236702,-1153.987887365364,-1380.9573392640518,,,,,,110826.6,57838.7,13971.4,43867.3,54934.2,2904.5,41286.7,11077.8,5474.2,-881.2,131.2,-1012.4,142.7,-699.2,-324.7,7425.4,9717.3,112983.0,25025.8,19454.6,33024.7,8330.6,871.5,2446.2,46761.6,1675.1,-1773.58864,67655.771,3105.336461,6947.79583,69963.719,-2360.932702,-1869.324004,-4588.05688,7044.724946,,5.25,10.8812,10.8326
2007-07-01,2007,3,64.0777,63.6626,3.79,3.99,1106618.8728924897,52.95782278665791,50.89999096781256,2.448891148456317,-46.61822129771549,-509.3764141303554,,,,,,109723.9,57127.9,17702.1,39425.8,55428.7,1699.2,42321.6,9410.1,5396.2,-1616.9,-398.9,-1218.0,586.5,-2073.8,-129.6,7132.6,9498.6,112526.6,25482.3,17408.3,32386.4,8557.3,834.7,2464.4,46325.3,1606.7,-720.52944,70269.404,2819.107287,7268.51605,72663.834,-2462.464332,-3457.209856,-2143.323901,7342.468649,,5.0733,10.9608,11.0368
2007-10-01,2007,4,65.0491,64.7192,3.76,3.81,1161475.182861092,65.53396369500116,78.0376255240728,-12.291704492052524,-15764.366275051832,-19740.841649389542,,,,,,123094.4,55354.9,20822.4,34532.5,54435.0,919.9,42251.4,7857.3,5246.2,-2257.0,-1471.8,-785.2,-404.3,-1674.0,-178.7,6239.5,9208.9,111022.5,26458.8,14945.5,30868.3,9154.7,589.0,2425.4,44308.5,1538.4,-1948.074259,73681.099,3277.86461,6563.392845,76598.748,-3000.60979,-1921.514627,-3666.121747,6640.171905,,4.4967,10.8525,10.8474
2008-01-01,2008,1,66.0199,65.6384,4.25,3.89,1137947.3962487623,62.56816509516892,52.80592306909346,9.328582677128924,6045.714761591917,5456.111630317107,9328.582691008689,98365.31761527144,92292.20521694071,10694.43097593249,16742.818424924353,125099.3,59578.7,22129.7,37449.0,55975.3,3603.4,41761.4,13076.7,4740.6,2616.5,-54.4,2670.9,-1276.4,4476.7,-583.8,7536.8,8469.4,113557.2,27217.8,26596.1,32819.0,9044.7,463.8,3162.9,48687.3,1663.8,-4110.863237,70084.127,3983.689525,5930.106979,71731.958,-1728.204997,-1235.767893,-7180.676375,6033.786028,7.5,3.1767,10.8071,10.7355
2008-04-01,2008,2,66.3722,66.2136,5.26,4.92,1270533.7963362378,65.82458104468026,68.07839962039513,-1.480336755528715,-4308.80069785945,-5010.884690229009,-1480.3367555287148,101375.99171771202,105485.12035199723,15628.789194681694,10903.637208945638,130439.0,57630.6,24585.3,33045.3,54688.2,2942.4,41692.5,11391.6,4546.5,-1615.9,-953.9,-662.0,-26.6,-1415.6,-173.7,8952.2,8938.7,108720.3,26277.5,22676.0,31443.0,8618.6,370.8,2817.8,46972.4,1601.5,-2039.546244,79402.868,3342.547312,7122.057222,80267.894,-952.876451,-2538.674255,-5786.661501,7238.665963,7.5273,2.0867,10.4319,10.3303
2008-07-01,2008,3,67.5849,67.1515,5.47,5.48,1274255.4230105316,68.95945043542349,63.759677243546236,5.283327464846099,1113.5636843228147,831.9319614422312,5283.327450105704,110283.80457340136,105583.61430594078,-6200.432223278186,-1650.7863806512928,133708.5,55922.7,34565.9,21356.8,53702.6,2220.1,40515.9,10829.2,4577.6,-1182.0,-464.4,-717.6,-370.5,-867.6,56.1,8050.7,8969.3,106099.5,26053.4,20089.7,30846.1,8675.2,357.3,2805.7,46766.0,1476.6,-3655.8763,78466.803,2935.577219,6685.543083,84894.177,-6542.003913,-2992.014202,-912.633459,6790.775274,8.0731,1.94,10.3118,10.6105
2008-10-01,2008,4,69.2956,68.72,6.53,6.18,1000544.5142598044,60.480206346400664,71.79974331583679,-11.358533595653276,-17588.740326311665,-23055.355323122323,-11358.533595653276,85737.1649464729,98890.74069519907,7899.5555675102405,-4578.954742124638,129882.8,56939.2,32619.8,24319.4,55663.9,1275.3,41733.6,9868.1,5337.5,558.7,1505.0,-946.3,1136.0,-1280.4,703.1,8096.1,8662.5,99254.6,27983.2,18869.1,30618.9,10672.6,379.1,3134.8,47851.0,1421.4,-6534.548296,63388.797,3107.848424,6447.508917,71709.222,-8391.902406,-2488.10265,-2113.115032,6458.571792,8.25,0.5067,13.0121,13.3983
2009-01-01,2009,1,70.01,69.6919,6.04,6.18,846398.1205449349,45.17781059410141,48.464023595763464,-2.666054626313484,-4094.5834753158965,-6014.670820670806,-2666.0546464808026,59339.164238475074,65447.34431177285,6360.196666133508,-237.41023804390912,154655.7,85420.1,1475.2,83944.9,83762.2,1657.9,39633.4,40283.4,5503.3,34205.6,33820.8,384.8,-1684.5,35649.3,240.8,33450.3,35288.9,150917.1,33434.3,3027.9,35717.7,11592.4,2442.0,5869.8,71058.6,1313.3,-1486.740512,49664.85,3662.227077,5728.095496,51956.863,-2334.342282,-1386.193752,-3555.739113,5789.534635,7.6222,0.1833,14.3797,14.7132
2009-04-01,2009,2,70.1794,70.1616,5.74,5.96,935260.1615165904,51.715347526988204,55.966416874845265,-4.222292148478233,-4705.606193594851,-11923.555390513058,-4222.292140226108,68201.68343348413,72772.87714086377,12993.853367242065,8282.090938416643,154842.5,86082.4,1676.7,84405.7,84896.6,1185.8,40181.7,40618.3,5282.4,-161.1,316.6,-477.7,170.7,-68.9,-262.9,30854.7,33655.6,154444.9,35468.6,2734.5,35621.1,11919.0,2400.1,5512.4,70419.7,1390.7,-258.530215,54012.201,2471.528572,5861.138924,53562.219,396.372848,-2203.144679,-4407.122553,5955.364169,5.6786,0.18,13.3299,13.3415
2009-07-01,2009,3,70.8927,70.6007,4.89,5.14,972195.0068628485,50.706633810464716,52.84232074390262,-2.071668704656179,-2561.256127543402,-7269.037617460293,-2071.6686526191947,68252.97274468695,75965.65679723676,16461.299491696707,9979.18965595258,156562.1,91095.4,4042.2,87053.2,89911.3,1184.1,42764.3,42913.2,5417.9,4444.1,4449.8,-5.7,2400.4,1951.8,91.9,31012.8,33656.5,160798.2,36620.9,2339.1,37456.2,12576.4,2491.5,5409.6,75681.7,342.3,-4253.466181,58520.883,2464.841345,5591.704996,61307.074,-2868.488188,-3406.564003,-3664.896833,5686.482843,4.5435,0.1567,13.2598,13.4126
2009-10-01,2009,4,71.7719,71.4517,3.57,3.98,1030167.6613045108,61.63969769985696,72.30674826169768,-11.580747766023359,-12077.082482349251,-22399.9415593853,-11580.74771859773,72674.48248693882,91848.14649930008,6374.43116016859,-14455.13841399515,163800.8,96353.7,4631.8,91721.9,94599.6,1754.1,48707.8,41101.2,6544.7,5556.5,4985.6,570.9,6021.6,-1604.3,1139.2,26591.7,35390.6,173990.2,42981.1,1358.0,36062.1,17143.8,3937.2,5213.0,77919.4,366.5,-1085.804191,67505.616,2914.074989,4942.786364,67558.816,-119.092532,-2898.86513,-3121.545882,5053.699353,4.5,0.12,13.0731,12.8563
2010-01-01,2010,1,73.4897,73.0045,4.97,4.75,1045011.8414630331,57.55850739964332,57.35907872094114,0.8855137520728384,-1132.491239322925,-2452.147539188386,885.5137511341949,80703.90131723038,83527.79097963143,10368.678702168269,7525.537139013172,169595.9,96773.0,1932.8,94840.2,94899.0,1874.0,48196.0,42238.2,6338.8,1186.3,1063.1,123.2,-200.0,1601.4,-215.1,23443.6,36806.6,177234.3,51857.0,1660.0,38072.6,17234.8,4499.0,3771.3,80077.0,377.6,473.391865,66596.616,3625.802766,5002.750774,66224.754,324.943923,-1225.596755,-3738.575622,5112.620319,4.5,0.1333,12.7844,12.5939
2010-04-01,2010,2,72.7712,72.9402,3.69,3.96,1102977.3408728896,53.639019751513224,62.596051122969115,-9.002209928082193,-9693.924259318255,-9822.847881490921,-9002.20993947117,77196.65952532654,86466.54595412551,17682.98088563237,8805.24530105129,172367.0,96216.2,1150.5,95065.7,94337.1,1879.1,49645.0,40148.4,6422.8,6.2,1.6,4.6,1675.0,-1729.0,60.2,24569.9,37629.6,173293.9,52223.5,1619.0,32187.7,17661.6,5353.1,5305.9,80993.4,373.7,495.76546,74641.431,2839.774742,6023.045318,74724.851,-49.742704,-2725.170408,-2911.532901,6182.211473,4.5,0.1933,12.556,12.7225
2010-07-01,2010,3,73.5151,73.192,3.7,3.67,1097137.4794150274,53.76942057403559,59.415055559895634,-5.865737286533444,-7630.701139009109,-8483.25594112776,-5865.7372310672945,76742.96259550334,83054.1695701764,8611.705076324548,3148.6770932612535,184170.0,100757.7,900.9,99856.8,99045.2,1712.5,51217.4,43123.1,6417.2,3158.2,3325.7,-167.5,998.0,2211.8,-51.6,24082.9,36353.1,184630.6,52707.3,1317.4,31648.7,17571.0,5369.1,4866.5,83051.3,8.1,19.231129,75589.817,2581.098291,5734.785202,77840.959,-2222.12912,-3485.693317,-165.163883,5892.217449,4.5,0.1867,12.8006,12.8281
2010-10-01,2010,4,74.931,74.4872,4.4,4.25,1179773.0144448031,69.6271525177534,85.06638068108457,-15.633028708844417,-17576.54930600387,-22631.70238863783,-15633.02872821175,89522.59812782441,112654.50314719173,4712.163815364752,-19555.73652356359,190143.3,110428.0,5748.9,104679.1,108088.9,2339.1,57187.0,45577.3,7663.7,9654.9,9028.9,626.0,5992.5,2439.7,1222.7,26125.1,40383.7,190626.9,56312.2,1116.3,34328.4,21133.61,7875.7,5607.6,90881.5,9.4,-4742.326247,81645.282,2945.042804,5230.758061,82691.255,-995.93164,-3244.271116,-5892.621971,5390.49848,4.5,0.1867,12.392,12.3936
2011-01-01,2011,1,75.7235,75.5326,3.04,3.46,1200334.2973467747,64.09464997804855,64.58636458445507,0.10454689578449478,-856.1411850465122,-2440.850142063104,104.54693052575774,91421.66275958615,92811.26448588066,9042.889389584247,8263.184615766933,192153.9,110184.8,1555.8,108629.0,107681.5,2503.3,57001.9,45626.7,7556.2,-720.8,-884.3,163.5,-384.1,-236.2,-100.5,30333.2,44799.2,189058.4,63727.8,1591.3,33887.9,21324.7,7704.6,5370.5,90207.4,8.6,-2120.735518,81801.197,3365.186931,5263.521103,79892.683,1995.879161,-2581.179463,-6924.404764,5388.969548,4.5,0.1567,12.0721,12.0082
2011-04-01,2011,2,75.1555,75.3441,3.28,3.3,1272298.1148547265,63.91756556063292,74.63351667576046,-10.801165243742327,-10589.234756513437,-10764.205258491338,-10801.165257127268,98203.91309166553,108189.93981039424,9008.73439844496,-1870.105374437321,197172.7,111129.5,4000.3,107129.2,108801.6,2327.9,58639.8,45534.4,6955.3,425.3,601.3,-176.0,1383.1,-332.4,-625.4,27006.0,43121.2,197351.3,64217.3,1461.1,32947.7,21635.1,7662.7,4416.5,91090.2,11.2,-1711.423145,89282.613,2880.941184,6266.325159,88043.509,1304.963074,-3632.750663,-5882.470534,6498.834978,4.5,0.0933,11.7296,11.7994
2011-07-01,2011,3,75.8211,75.6576,3.14,3.37,1248851.7329577832,63.77216367366211,68.48083377020889,-4.359757813532831,-6017.024226241839,-6199.153628237898,-4359.757818986992,96037.32542615717,102700.61469204344,15083.203057586168,8319.54714185702,199759.7,113469.2,2096.6,111372.6,110158.7,3310.5,59707.2,45892.3,7869.7,2901.0,1919.0,982.0,1267.6,696.1,937.3,27413.4,41528.9,205350.8,64687.7,1190.9,34130.0,21526.4,8069.2,4486.2,93860.0,9.9,-4265.955677,88087.085,2571.68444,6347.021774,91968.118,-3852.474751,-4871.002756,-2098.727023,6556.248853,4.5,0.0833,12.2842,12.9754
2011-10-01,2011,4,77.7924,77.0945,3.82,3.5,1197099.3033884254,70.73260136299947,83.25955884445814,-12.79889484943184,-13243.372433372213,-19191.68871087245,-12798.894855373872,95319.23113037992,115379.7894613291,1115.3573655523523,-18601.5794068238,201343.5,116420.2,2788.6,113631.6,113650.9,2769.3,61351.5,47439.5,7629.2,3362.5,3904.5,-542.0,1837.8,1745.1,-220.4,29148.2,40922.7,208022.2,66733.8,977.8,34699.8,23427.8,7890.4,4552.3,97048.2,13.6,-2445.503426,90262.491,3050.996506,5670.477834,90938.566,-653.454164,-3690.562352,-3992.455819,5890.968909,4.5,0.0733,13.6317,13.7528
2012-01-01,2012,1,78.5474,78.4643,3.73,3.88,1238425.3222234186,66.26772705600074,70.7522743667041,-3.810357463278836,-5471.312195272006,-5819.7802882323085,-3810.3574449759294,98603.7028777089,103219.30848854916,18839.3915437501,12751.413168863528,205526.3,121081.4,4941.7,116139.7,118344.8,2736.6,64338.8,49425.4,7317.2,4673.5,4706.9,-33.4,3066.7,1911.7,-304.9,27604.1,40916.1,220691.2,69961.6,1649.3,38662.0,23249.3,7346.7,4260.1,101800.0,12.8,-4680.648122,89608.968,3602.237609,5572.262989,87905.688,1813.22593,-2509.191231,-9554.6591,5569.976279,4.5,0.1033,13.0034,12.7557
2012-04-01,2012,2,78.4137,78.2562,4.34,3.87,1209909.0968032551,63.72349145983946,70.13993813275832,-6.873004927004335,-7786.272162695042,-10323.825977152395,-6873.004969760521,93877.59346915869,103383.06183031923,2118.411227375774,-9074.689519195977,208890.0,122132.2,2979.4,119152.8,119499.3,2632.9,65359.2,49479.1,7293.9,1447.7,1552.2,-104.5,1167.8,299.7,-19.8,24421.5,38956.2,228151.3,70379.8,1458.1,37892.3,23652.8,8435.1,3820.8,102080.0,12.4,-988.172931,94308.601,3037.099712,6701.02302,92941.222,1425.315313,-3112.841679,-6108.917221,6808.270656,4.5,0.1533,13.5419,13.9619
2012-07-01,2012,3,79.4391,79.1279,4.77,4.59,1258799.0624122198,66.21352608923407,68.52795018258288,-2.5275158298980416,-5105.667585274937,-6668.712733732662,-2527.515885849637,92327.85303786032,99501.42786647535,18751.285596070484,13199.909961205884,209789.9,123668.6,2364.1,121304.5,121219.7,2448.9,65985.0,50516.3,7167.3,443.7,628.3,-184.6,-263.7,871.9,-164.5,23094.2,40095.4,234927.7,71328.9,1237.7,39425.0,23752.2,8468.4,3656.0,103235.7,12.8,-3263.537275,91234.184,2753.54826,5628.44679,92415.596,-1129.949408,-4650.509543,-3210.896963,5727.818639,4.5,0.1433,13.1721,12.9588
2012-10-01,2012,4,80.5682,80.2642,3.57,4.11,1316980.6653945397,70.89781006164922,88.67290272863522,-17.55964740656047,-19953.855780967537,-22624.544738183897,-17559.647332395976,100032.56771372508,123687.17131997342,2468.0675514902427,-20416.486998037733,213410.2,125726.0,4067.0,121659.0,122601.4,3124.6,67460.5,50064.0,8201.5,2525.5,1850.4,675.1,1844.1,-420.4,1101.8,24246.7,37279.9,239946.4,73015.0,1003.3,40128.5,25309.4,7895.9,3537.2,105836.4,17.6,-8762.799021,95618.137,3346.505539,5384.539317,97489.053,-1817.3497,-4599.802284,-7734.832247,5389.18521,4.5,0.16,12.9442,12.8684
2013-01-01,2013,1,81.8874,81.3571,4.25,3.69,1297083.072681744,70.35256665060469,68.58579527304038,3.1733462513725086,650.812683165736,-1145.313484947825,3173.3463145671562,98989.0103718215,99489.84517311383,16499.895175878602,15728.45970946261,212428.5,126402.8,2386.4,124016.4,123581.4,2821.4,67203.5,51448.5,7750.8,1550.3,1854.3,-304.0,330.7,1858.5,-638.9,24042.4,35837.4,244017.1,75802.4,1671.6,40943.2,25409.1,7251.0,3362.4,107616.9,15.8,-8308.57554,88228.082,3884.279855,5246.557294,89346.81,-1017.820329,-2804.841568,-9668.151887,5182.238244,4.3667,0.1433,12.6593,12.548
2013-04-01,2013,2,81.6192,81.7432,4.09,4.46,1349544.8378413024,73.67936386360722,83.17773895173696,-9.27707599187604,-11481.914498141263,-12674.249935905653,-9277.076015895398,104012.95250608896,115289.69178630944,9528.680457633636,-1789.7769516728624,215803.8,125129.2,2442.6,122686.6,122339.7,2789.5,67799.6,49563.6,7766.0,-1101.4,-1068.6,-32.8,648.0,-1885.5,136.1,21278.4,34072.7,245317.5,76820.9,1367.1,39695.8,25639.8,6829.5,2924.6,103255.8,17.5,-9253.084745,96662.687,3287.050364,6294.505772,97561.273,-821.051238,-4107.767897,-10563.519688,6239.254078,4.0,0.1167,12.4816,12.9484
2013-07-01,2013,3,82.1323,81.8496,3.39,3.44,1314608.7054971086,68.27114919838671,77.50843367627364,-8.732513748345294,-10108.998428512816,-10605.720755242806,-8732.513760189508,99500.82050210178,109340.61272517554,18856.903628354892,9361.970010141124,225875.7,129517.5,1910.7,127606.8,126359.6,3157.9,68827.0,52485.4,8205.1,3724.7,3357.1,367.6,726.8,2612.4,385.5,20379.3,32386.1,254927.6,76803.1,1107.9,40005.2,25555.8,7850.0,2588.5,106854.7,16.6,-5596.019896,96307.241,3086.193504,5859.960804,97279.818,-914.556376,-4463.579025,-6027.356183,5809.471688,3.9321,0.0833,12.9177,13.0842
2013-10-01,2013,4,83.7701,83.1951,3.97,3.65,1348410.9057628992,85.05505015387685,97.51815381545522,-14.260034725515931,-16740.252342688742,-25354.873867028913,-14260.034766191606,99887.80266924536,125153.08950951273,13322.421584202488,-11728.787174114921,240703.3,134435.9,3486.2,130949.7,130908.7,3527.2,72180.4,53358.1,8897.4,4773.1,4404.5,368.6,3206.6,837.2,729.3,20620.0,31542.8,270358.6,78848.1,934.3,43380.8,27350.1,7076.2,2399.5,111647.1,16.7,-8620.741094,98817.041,3691.457778,5689.013402,97022.267,1844.187913,-3622.119408,-12467.275176,5624.465577,3.5652,0.0867,13.0299,13.0088
2014-01-01,2014,1,84.9653,84.7392,3.76,4.16,1315116.0355145836,72.84425147347741,77.31818956475745,-3.7369353163820467,-7295.924059241349,-7527.102614477861,-3736.935393682938,103303.51224119692,109078.72555538765,25035.857941665407,18579.539066042013,244459.5,142800.3,3671.5,139128.8,138636.2,4164.1,73914.1,59582.8,9303.4,8072.4,7436.3,636.1,1416.1,6270.2,386.1,23270.1,30681.7,286577.0,81583.1,1326.1,41647.2,27199.5,7524.1,2872.7,118243.4,16.4,-9029.204653,90759.104,4425.072462,5677.588469,92064.363,-1200.03393,-2756.266741,-10770.820582,5697.9166,3.5,0.0733,13.234,13.2042
2014-04-01,2014,2,84.6821,84.6748,3.75,3.59,1388035.537989291,72.92735567454454,88.05226028588133,-14.131781812376907,-15637.102335672082,-16052.45322501231,-14131.7817577548,102762.60062776957,119015.71016432792,12213.068300713934,-3869.4722427375673,257684.2,147598.7,2691.3,144907.4,143789.0,3809.7,76914.8,61655.9,9028.0,4746.7,5102.4,-355.7,2947.9,2094.4,-295.6,26506.1,30456.8,301096.8,81806.0,1167.4,42099.2,27370.9,7739.2,3800.7,119086.7,23.2,-7934.870219,101870.049,3994.781877,6386.825895,100863.55,1082.494513,-3542.963224,-11829.024271,6354.622763,3.3626,0.0933,12.9984,12.9905
2014-07-01,2014,3,85.5963,85.2438,4.22,4.15,1389200.7148248965,71.87029690966901,84.2750523823684,-13.16761055577159,-15555.614825658973,-15856.101821564456,-13167.610540521995,100504.08193608893,116348.96485730188,23854.794854785705,8266.246845239457,255557.2,146446.1,2424.4,144021.7,142431.9,4014.2,76865.8,60453.5,9126.8,841.8,638.6,203.2,1040.7,-432.4,233.5,29233.9,29228.2,299554.9,82733.6,1004.7,38268.0,27493.2,8015.4,3781.1,119087.5,21.8,-2627.592833,101121.234,3576.934937,6123.847991,102841.862,-1660.160995,-4077.163108,-3007.319682,6117.050952,3.0,0.09,13.1151,13.2182
2014-10-01,2014,4,87.189,86.6741,4.08,4.18,1363627.8533880191,81.48794205996188,90.62172025735082,-9.909648843943158,-12599.891976200102,-21425.54517358905,-9909.648922650338,95321.53587314424,116792.661891283,3175.6856189705964,-18057.74016521287,258533.5,147665.8,2048.4,145617.4,142869.2,4796.6,78573.4,59563.1,9529.3,2714.9,1931.8,783.1,2471.6,-461.4,704.7,30216.2,28276.7,304054.5,83400.7,713.1,40573.0,28186.0,7271.2,3268.0,121926.9,21.3,-5260.374387,103163.245,4211.602345,6213.583983,104214.561,-1017.521837,-3391.849454,-7075.742967,6224.739871,3.0,0.1,13.8488,14.4727
2015-01-01,2015,1,87.6307,87.3387,3.14,3.07,1230959.6784299028,72.74035315813431,79.18544199153904,-6.456786013976651,,,-6456.7859724751,96756.38313965942,103481.52116579202,24514.544420049264,16404.369310270966,263313.9,158952.7,3660.0,155292.7,154356.0,4596.7,81784.4,67346.6,9821.7,12570.9,12018.4,552.5,3752.2,8427.3,391.4,35662.7,26600.3,325279.0,85441.0,1434.2,42184.6,28358.2,8631.8,3309.0,132371.7,20.0,-9655.093455,90462.157,4862.79549,5870.010408,92609.631,-2116.62272,-2518.646652,-10832.649383,5812.8253,3.0,0.11,14.9392,15.2136
2015-04-01,2015,2,87.1131,87.1614,2.87,2.94,1246084.4183313749,62.64440640423032,79.98396789398093,-16.640922666797234,,,-16640.922640031335,87877.25505940724,103181.94059276668,9322.419702311008,-5796.032249640945,269941.5,162356.9,3776.5,158580.4,157005.3,5351.6,82769.4,69066.3,10521.2,2955.9,2203.5,752.4,675.6,1491.2,789.1,35320.8,25674.8,340303.6,84837.8,1251.1,43989.6,28284.9,8046.9,3185.8,131713.7,20.8,-7598.92548,97978.026,4457.01272,6493.484698,99990.865,-1983.793772,-2458.538565,-9558.35829,6401.765147,3.0,0.1233,15.318,15.4692
2015-07-01,2015,3,87.7524,87.4727,2.52,2.61,1185168.297688407,60.10245033757664,66.6643904808869,-5.326412835217554,,,-5326.412860178134,81879.04717549724,91475.76443299912,12414.314162389885,4320.246500952764,270584.9,163366.1,4189.0,159177.1,158919.7,4446.4,82764.9,71065.1,9536.1,1171.8,2078.5,-906.7,-103.2,2010.0,-735.0,35941.9,25331.1,340930.4,84639.1,1118.4,44549.0,28152.7,8143.6,3335.3,133033.1,19.6,-7720.189579,95891.915,3884.953126,6695.660956,102567.993,-6663.02185,-4056.747824,-3613.778647,6613.358742,3.0,0.1367,16.4259,16.8519
2015-10-01,2015,4,89.0468,88.6454,2.13,2.27,1192227.4382242495,73.64033596217337,82.96617370045553,-11.87044311974257,,,-11870.443101832228,85810.83993528396,100703.40171103457,18508.06693691381,2827.3418666157218,271725.3,162209.5,600.0,161609.5,159057.2,3152.3,82588.3,69621.3,9999.9,-522.5,742.9,-1265.4,179.0,-1199.2,497.7,31231.3,26002.5,343774.2,85527.1,968.4,45390.3,28646.5,7454.4,2666.4,131701.6,19.4,-6561.453523,96223.991,4528.971776,6317.351928,100085.363,-3848.986289,-2161.406328,-6789.644052,6238.583146,3.0408,0.16,16.7501,17.0365
2016-01-01,2016,1,89.91,89.6914,2.6,2.69,1081729.6214268315,58.61061746894582,61.45981308261186,-3.4078059161813874,,,-3407.805947346279,78281.96748444522,81781.98613909616,20748.97454774926,16596.962945331354,289584.7,176066.4,2142.2,173924.2,172291.6,3774.8,88339.1,77415.6,10311.7,12668.3,12047.9,620.4,4914.5,7432.4,321.4,31059.9,24924.6,371436.0,85247.0,1334.6,51693.8,28454.4,7970.7,3254.0,138879.8,18.5,-10139.615985,85148.475,5276.036973,6335.405106,89138.68,-3976.055053,-2260.454504,-10277.496514,6374.390086,3.4918,0.36,18.0652,17.6923
2016-04-01,2016,2,89.324,89.3916,2.54,2.56,1137028.3260231088,70.80434894937416,74.9322539035493,-3.0437905219666264,,,-3043.7904943113,92540.69481241393,91687.9947676123,-5236.163763779266,-3853.3700227326785,291734.2,179904.8,4518.1,175386.7,176708.0,3196.8,90287.7,80253.6,9363.5,4386.2,4965.4,-579.2,2062.6,3099.0,-775.4,33165.5,25187.1,387999.2,84625.3,903.8,52336.7,28492.7,9889.3,4028.3,141305.7,18.3,-7486.754423,93748.002,4838.005851,7112.897009,96819.371,-3054.042669,-3382.87057,-8224.004516,7174.163332,3.7555,0.3733,18.0797,18.6506
2016-07-01,2016,3,90.3577,89.908,2.97,2.78,1116323.7168788484,62.01534713848189,69.31582603058403,-7.185908922302019,,,-7185.908877482419,81058.60066802548,89451.18798621262,19281.23542029047,11027.49453094153,292135.3,183155.8,2484.9,180670.9,179743.2,3412.6,88367.8,84512.8,10275.2,2985.8,2771.8,214.0,-2114.9,4126.2,974.5,39955.2,24086.3,396887.7,85629.8,676.5,49896.6,28475.9,10402.3,5048.8,145046.4,17.6,-4930.634544,94920.486,4437.57166,7066.432987,100160.949,-5232.904391,-2340.467583,-4488.376361,7131.113791,4.2609,0.3967,18.7418,19.1678
2016-10-01,2016,4,92.039,91.5207,3.36,3.24,1110562.2420646932,67.81671521682104,79.88854869645054,-12.739774381015799,,,-12739.774401194583,80647.6105292895,98520.44867526281,26535.23775652279,8669.257622535666,288917.3,180986.0,3293.5,177692.5,177892.8,3093.2,88157.0,82687.8,10141.2,573.6,895.6,-322.0,1387.6,-859.0,45.0,29624.4,23018.2,399775.0,85440.7,578.2,62228.8,28601.6,8060.2,4554.4,144184.8,18.1,-2725.307955,100136.651,5098.037517,7116.40869,100968.536,-818.500323,-2601.960375,-6466.813414,7161.966157,5.087,0.45,19.8228,20.5156
2017-01-01,2017,1,94.7225,94.1571,5.35,4.98,1077033.807577425,72.6012034566106,58.454070321097305,15.183773933491198,,,15183.773925090394,97821.10414046534,85186.68104464706,6875.7875628831935,19818.22183029398,293721.6,187249.3,6534.4,180714.9,183943.1,3306.2,90513.9,86224.1,10511.3,5526.3,5316.7,209.6,1919.3,3485.0,122.0,28243.8,21889.9,419599.8,87268.0,1072.5,62479.4,29323.2,8213.1,4990.5,146042.8,17.1,-13314.290559,94710.574,5799.59036,7065.336904,97484.507,-2742.467932,-3900.277851,-13720.398365,7048.853589,6.0389,0.7,20.3552,19.3556
2017-04-01,2017,2,94.9636,94.8427,6.31,6.1,1203662.0724640805,63.40831536630551,72.41629707795705,-9.005026501949464,,,-9005.02649548715,88079.62545505461,93505.40066346424,2873.528100295113,-2697.4658035887387,297101.1,188441.0,1123.1,187317.9,185635.8,2805.2,89471.9,88653.1,10316.0,-974.7,-469.4,-505.3,-2151.9,1505.2,-328.0,25790.8,21463.5,424956.8,87920.1,974.5,60982.4,29339.3,8081.4,5078.5,145299.2,17.8,-2712.458904,102659.183,5307.29361,7813.077447,102965.548,-304.346799,-3894.766953,-6348.682855,7835.337703,6.6456,0.95,18.5692,18.1612
2017-07-01,2017,3,96.0935,95.7367,6.35,6.48,1258234.261562891,62.62941982706864,67.08116946375567,-4.41234461651545,,,-4412.3446731866625,89949.16710152003,94509.8581536407,16941.910942032646,12077.451310451632,307389.4,193724.4,1899.1,191825.3,191261.0,2463.4,90635.0,92943.5,10145.9,4146.3,4493.4,-347.1,542.4,3745.7,-141.8,27349.1,20668.4,438695.2,89517.6,873.5,65896.9,30054.7,8018.9,5211.8,149495.8,18.2,-5123.075992,101853.381,4830.807866,7892.509044,107907.114,-6081.864918,-3536.0536,-3412.857471,7907.699997,7.0,1.1533,17.8221,17.8192
2017-10-01,2017,4,98.2729,97.5554,6.77,6.59,1237487.6691860282,62.07799031488499,76.66568640283745,-15.923053923659124,,,-15923.053898852564,87803.47529372024,104069.0861157147,-2438.0817138695065,-19738.197143550824,306570.6,193981.2,1637.2,192344.0,190728.7,3252.5,91072.2,91780.0,11129.0,-198.9,-982.8,783.9,47.2,-1444.9,1198.8,28003.0,20015.1,441452.6,90120.3,848.6,65164.8,29964.4,7826.2,5343.0,148693.6,18.7,-252.951409,110209.437,5398.506376,8171.990823,112036.418,-1854.105064,-354.908303,-6218.821744,8174.883702,7.0489,1.2033,18.9466,19.1265
2018-01-01,2018,1,99.4922,99.1528,5.04,5.31,1236376.2841340613,67.1698662958143,73.4297203513675,-4.9034288155480645,,,-4903.428819814822,97730.9663672825,100860.7343089986,16145.975114135768,12484.481535606092,316169.7,202606.6,4465.9,198140.7,199268.3,3338.3,96402.9,94958.2,11245.5,7026.6,6947.4,79.2,4486.0,2662.1,-121.5,29959.9,20119.0,461341.5,90276.4,1459.8,75521.6,30179.7,8440.4,5524.7,155696.2,17.9,-12101.422097,105296.586,6227.596333,7332.137938,107024.953,-1765.727957,-3097.520506,-14517.786379,7279.612745,7.3944,1.4467,18.7496,18.6604
2018-04-01,2018,2,99.3765,99.1751,4.65,4.57,1243814.8819664528,64.0324171085517,72.78267712246529,-5.915540400917266,,,-5915.54038803432,91210.1357347144,100364.2588956739,5028.981216665378,-3504.8538300997143,313263.5,200903.0,5109.5,195793.5,197849.9,3053.1,96244.7,93944.2,10714.1,956.0,1249.8,-293.8,1214.7,28.1,-286.8,28588.7,19970.8,466185.0,88895.0,1327.0,73933.2,29927.7,8672.1,6663.1,150311.4,17.4,-3886.04886,113879.114,5354.406856,9273.282253,116621.543,-2783.143131,-3433.737467,-6900.855687,9231.687425,7.5275,1.7367,19.4055,20.3168
2018-07-01,2018,3,100.917,100.4394,5.02,4.91,1278559.0446078044,67.953012120254,69.63687628382473,-5.4956140528548465,,,-5495.61399625853,96273.73440834715,99871.8011224409,11722.15176665876,7254.813374436802,313192.2,201811.4,3535.5,198275.9,197407.3,4404.1,96000.2,95008.9,10802.3,1149.7,-191.0,1340.7,21.7,1181.8,-53.8,29310.4,18922.0,463883.3,90313.3,1120.7,74201.5,30225.5,8887.8,7169.2,151665.2,17.5,-5807.488048,113988.022,5090.489399,8687.421813,119743.297,-5803.433961,-3537.750481,-5127.13326,8660.829654,7.75,1.9233,18.9765,19.0382
2018-10-01,2018,4,103.02,102.2543,4.83,4.82,1266333.1195032585,66.70992121483975,74.52762732784646,-9.271722062062466,,,-9271.722064582462,96729.73938199613,107436.59367077763,3433.642150463931,-7931.329801978701,312052.0,202355.3,1048.0,201307.3,198204.6,4150.7,95845.6,94691.2,11818.5,966.3,1228.9,-262.6,-42.1,-76.0,1084.4,28819.8,18558.1,466677.3,90576.2,894.1,75590.4,30214.6,8801.2,7377.6,152597.3,19.8,-4136.844944,117549.006,5853.879927,9142.274479,120912.574,-3415.325441,-3774.175551,-6042.222358,9094.878406,7.9103,2.22,19.8413,20.1477
2019-01-01,2019,1,103.476,103.221,4.0,4.1,1277791.870187878,67.43479193932106,70.23114273815288,-1.274530560405637,,,-1274.5305659237974,95841.20436455258,96339.85861015238,5928.708229867825,5240.39178939368,310641.2,206299.0,4136.3,202162.7,198426.3,7872.7,97956.5,96876.6,11465.9,4599.6,889.0,3710.6,2444.0,2560.9,-405.3,37784.6,17272.9,471389.4,92326.5,1518.8,78768.5,30697.3,9457.4,7748.9,158270.8,18.9,-11515.761947,108093.855,7044.711488,8072.097195,109867.571,-1815.665659,-1456.471269,-16286.474221,8042.849202,8.25,2.4033,19.2093,19.2419
2019-04-01,2019,2,103.299,103.3543,3.95,4.21,1308716.3956697646,69.37178381754885,74.58563509246964,-4.988797925574734,,,-4988.797894472729,96906.61045654606,100004.93805735314,4384.8777351468325,171.6202837339132,317886.0,208710.0,5790.5,202919.5,200415.2,8294.8,101094.3,96486.8,11128.9,1666.7,1106.1,560.6,2718.0,-663.4,-387.9,42100.5,17002.7,472603.4,92288.0,1303.5,79405.4,31055.5,9487.2,8837.7,157944.9,18.9,5057.729923,119261.452,6012.826995,9695.375737,114252.005,4963.800065,-1435.098674,-8143.323461,9672.351993,8.25,2.3967,19.1306,19.2962
2019-07-01,2019,3,103.942,103.7663,3.0,3.31,1295810.1300291754,69.65875181768129,72.63806675379873,-2.0739204357289505,,,-2073.920428525118,90929.15190309816,96415.48468928327,9101.890594367631,5094.30156271708,312963.6,204680.5,1531.9,203148.6,202032.9,2647.6,101691.2,92687.1,10302.2,-2397.5,3258.7,-5656.2,1422.8,-3048.8,-771.5,39479.2,16672.7,475874.8,93629.1,1078.0,90896.8,31264.0,9466.9,9332.3,149060.0,15.6,-253.982185,116347.517,5514.770525,10040.728616,117386.952,-1098.731139,-4251.193499,-4928.6641,10024.606553,8.1087,2.19,19.4341,19.6033
2019-10-01,2019,4,105.934,105.261,2.83,2.94,1334985.7704264605,73.11280062694948,83.29965652198734,-12.112478262291168,,,-12112.478266962149,91741.0657103265,112178.31772014593,8247.847559931284,-11479.726799495533,316401.6,204684.3,976.1,203708.2,200969.9,3714.4,99573.7,93705.7,11404.9,-1469.0,-2529.5,1060.5,-2922.7,453.8,999.9,27260.0,16706.4,476916.3,94056.6,890.6,91363.8,31453.7,8482.3,8144.3,147115.4,17.2,2840.847946,116901.055,6000.867549,9442.284343,113735.061,3118.104897,-2290.395737,-7390.773017,9403.911803,7.5842,1.6433,19.2679,19.1406
2020-01-01,2020,1,106.838,106.7247,3.25,3.39,1270658.6887795285,73.38850334351689,74.2921868908052,1.3511127008492985,,,1351.1127008492983,98983.82629263423,100412.89588694749,11067.329346195713,11127.783979211503,325491.8,210399.9,3172.2,207227.7,206924.0,3475.9,102204.9,98418.5,9776.5,7126.8,7370.6,-243.8,3117.1,5165.9,-1156.2,26741.6,15727.8,494768.6,95111.4,1517.0,97414.7,31261.2,8383.2,8723.2,154078.6,15.6,-7033.887294,108324.829,5992.221916,9627.239636,104773.311,3518.513542,-1069.625168,-19200.898402,9718.122734,7.0534,1.26,19.9341,22.2018
2020-04-01,2020,2,106.743,106.22,3.33,2.77,891239.284532849,48.85421348319421,61.73769825857429,-13.719898639082666,,,-13719.898639082667,58781.26709288175,71069.19380216993,16412.785955555937,4162.82136760194,333732.5,219273.0,6250.7,213022.3,213858.2,5414.8,109111.9,100943.4,9217.7,7853.8,5777.6,2076.2,6323.2,2134.9,-604.3,33276.4,17026.7,510990.6,94025.5,1310.3,102392.2,31407.4,8975.1,10821.9,161744.5,15.6,-354.945018,74386.425,522.019874,10155.101842,75547.557,-1164.876184,-3998.051281,-5494.746991,10302.729438,5.8132,0.06,23.3372,22.2575
2020-07-01,2020,3,108.114,107.8083,4.01,3.9,1097547.0553437446,58.15613334147412,59.31596736903517,-0.6874094623013985,,,-687.4094623013987,68121.63693924715,77127.80667453608,8034.7626071304185,-1175.1608464603432,338924.5,224360.3,4609.1,219751.2,215625.4,8734.9,111206.1,104188.6,8965.6,2942.7,-376.2,3318.9,723.1,2528.6,-309.0,42281.3,16681.4,517279.6,95059.7,1049.7,103138.5,31559.5,9311.4,11324.6,164329.3,14.8,16928.976432,111040.351,1601.10323,10957.1663,94832.773,16208.584131,-4349.938887,-5993.159039,11063.490227,4.7253,0.0933,22.1109,21.6688
2020-10-01,2020,4,109.271,108.967,3.15,3.52,1261235.9503686386,70.52259222286483,85.62349933173597,-17.8838567922355,,,-17883.856792235503,84939.29773470647,104789.51405298484,3170.2497514057845,-17922.557572767877,336575.0,223648.6,2126.595,221522.005,217551.3,6097.3,112336.0,100908.9,10403.7,-3656.3,-1017.8,-2638.5,-742.6,-4106.3,1192.6,40092.6,18303.9,519596.1,98128.1,866.4,107739.3,32791.1,7069.1,11833.5,166745.2,16.6,17330.743363,123419.13,2880.269881,10964.425236,107832.283,15588.375002,-3021.307679,-6269.708828,11033.384868,4.25,0.09,20.5757,19.9756
2021-01-01,2021,1,111.824,110.9803,4.67,3.99,1263018.8637996712,76.99023390883231,81.86773218627269,-4.086741979270225,,,-4086.7419507249515,95201.30894845117,103837.68207455239,17691.31603555363,9715.728839585405,338903.1,229060.7,5686.1,223374.6,220716.6,8344.1,114890.1,104189.2,9981.4,7566.8,5320.7,2246.1,3864.9,4022.8,-320.9,42778.8,18157.9,527803.1,99685.0,1520.5,112088.0,32946.2,7456.6,12718.6,174129.1,14.9,-9317.716,111959.278,2960.196382,10932.003707,113371.355,-1423.984077,-4014.562963,-14790.77572,10911.60676,4.1167,0.08,20.3186,20.7781
2021-04-01,2021,2,113.018,112.5423,5.88,5.95,1331024.2111286009,68.30838197036704,76.51708992329411,-7.403749490592908,,,-7403.749494040926,84347.98675761436,95713.10976188691,4906.18949104265,-5905.860180396272,340313.2,226818.0,5369.864,221448.136,219131.3,7686.7,114477.9,102738.0,9602.1,-2964.2,-2506.3,-457.9,-940.8,-1570.0,-453.4,43159.8,18154.6,528187.3,98856.2,1345.5,110204.0,32577.0,6828.2,13154.5,171969.9,15.3,6113.467547,124409.504,4845.930481,13450.411431,121627.763,2810.488636,-3172.046252,-6956.724653,13431.749816,4.0167,0.07,20.0115,20.0308
2021-07-01,2021,3,114.601,114.0607,6.0,5.8,1329160.2089264486,69.47611693987434,75.58810422847553,-6.533828047988652,,,-6533.828053982239,88320.87606261301,96231.74977773782,17460.81637647717,8906.679802611206,338250.0,225921.6,12572.4,213349.2,217650.8,8270.8,115162.3,101593.4,9165.9,195.5,-388.1,583.6,1375.0,-792.8,-386.7,43263.3,17474.2,523366.7,97275.6,1058.6,110612.8,32245.8,6686.3,12714.9,172541.1,13.8,-3540.737783,123178.7,5482.774043,13828.990683,133244.724,-10040.924924,-2497.697485,-4839.84821,13837.732836,4.3832,0.09,20.0214,20.0248
2021-10-01,2021,4,117.308,116.5843,7.36,6.99,1342100.1041877498,78.9672083465857,97.71965319743626,-18.817549854464847,,,-18817.549853019133,95945.45409859765,117086.34167028095,3091.1699195219503,-18061.787383740542,334586.6,221635.0,3214.0,218421.0,213298.1,8336.9,114837.5,97121.5,9676.0,-3379.5,-3445.0,65.5,261.5,-4191.2,550.2,43492.8,18245.9,513833.1,96114.9,872.7,107941.5,31624.8,6975.0,12199.7,167850.1,14.9,2182.430363,135401.532,6476.528773,14311.192368,137459.254,-2075.964658,-2713.508131,-7356.667627,14328.570779,4.9674,0.08,20.751,20.9344
2022-01-01,2022,1,120.159,119.0473,7.45,7.27,1362979.9059483178,83.72261302291564,87.99214668941978,-2.8517495831301796,,,-2851.7495855680154,108834.86060458311,114640.48035104826,27924.697854705017,22867.455046318868,337945.3,225678.6,7524.7,218153.9,217387.9,8290.7,119040.5,98210.8,8427.3,5232.5,5279.7,-47.2,5021.8,1482.0,-1271.3,43558.87,18751.0,518158.5,96368.8,1471.1,109797.9,32005.2,7175.9,14451.9,171905.8,13.4,-11580.647705,132160.364,6766.282449,12575.665618,136940.125,-4828.369364,-3596.752974,-15680.938541,12525.413174,5.8111,0.12,20.51,20.5796
2022-04-01,2022,2,122.044,121.2917,7.99,7.77,1468347.1870682645,79.20444958328972,85.3263537623629,-5.8537299303238415,,,-5853.729943790243,112591.23636526863,123451.51726442525,7554.576581429334,-3297.8072708592063,331045.7,219998.7,4233.0,215765.7,211546.7,8452.0,115176.6,96416.8,8405.3,-2102.5,-2260.3,157.8,-1472.2,-650.3,20.0,45559.3,18165.8,503612.2,94100.6,1290.0,108523.7,31151.1,6759.1,15852.3,170497.3,13.0,-1839.412539,148765.379,7039.401886,15073.047505,156775.286,-8078.861683,-3536.295621,-5245.315357,15021.060122,6.8306,0.77,20.0499,20.0038
2022-07-01,2022,3,124.571,123.774,8.7,8.52,1469011.2902572611,78.14767471194543,86.30283231841327,-8.519597688649194,,,-8519.597686673678,118264.02007121727,131134.50461529344,11774.690955605272,-1573.6143995179746,325107.3,217238.08,4316.2,212921.88,209085.38,8152.7,113826.98,94820.4,8590.7,568.6,875.8,-307.2,773.0,-432.2,227.8,44251.3,18787.7,497485.3,93179.2,1087.9,106555.9,31265.7,6137.2,15366.4,168791.3,11.7,-6360.969131,149004.193,6677.564606,15581.567383,162152.26,-13185.804958,-3849.632344,-4875.466883,15549.935054,8.1621,2.19,20.2479,20.0752
2022-10-01,2022,4,126.478,125.917,7.82,8.01,1572964.6800241817,87.14108512367724,116.39623205295591,-30.609772616755482,,,-30609.772661461164,116275.58739706263,150759.73831937127,3937.1743470684755,-29706.688172807768,321151.5,217786.08,1268.9,216517.18,209010.08,8776.0,115062.48,93603.7,9119.9,-3447.2,-4053.5,606.3,-1615.0,-2234.9,402.7,45726.0,18024.8,494691.7,94450.9,942.0,104847.8,31886.7,6218.4,15307.2,165251.1,14.0,860.784878,147767.544,7533.564689,15637.547801,149937.695,-2214.028875,-4497.672562,-8017.843495,15590.32981,9.7527,3.6533,19.6843,19.5894
2023-01-01,2023,1,128.389,127.9237,6.85,7.46,1632977.5305204543,93.34836244913258,99.9901554829728,-5.281219672627972,,,-5281.21967284215,123933.61600985221,134535.12096273294,35279.10075444421,25374.67769704434,325680.9,221951.3,3674.0,218277.3,213072.4,8878.9,119391.6,94623.9,7935.8,3324.1,3240.7,83.4,3806.6,837.2,-1319.7,45039.5,17156.6,507298.0,95291.2,1512.8,110035.7,31680.4,6493.7,15984.2,169854.3,12.8,-20786.861376,141065.103,8902.95478,13970.315642,146019.817,-5019.558084,-4431.911284,-25240.790002,13905.397994,10.7806,4.5167,18.676,18.3887
2023-04-01,2023,2,128.214,128.2203,5.06,5.71,1788780.5293782025,97.24880141114797,114.0983331789243,-16.724805675661937,,,-16724.805680746136,128477.80445601886,146599.350143205,16006.3790632644,-2412.62683101814,323905.6,220488.0,3975.4,216512.6,211620.2,8867.8,119553.6,93999.1,6935.3,-961.8,-928.6,-33.2,725.3,-618.2,-1068.9,43901.5,15920.4,509078.0,93001.8,1303.7,109494.2,30713.6,6381.7,15939.5,167508.7,12.6,1740.074432,150742.108,7418.276527,16267.154163,152769.117,-2003.893297,-5529.096562,-6942.874109,16215.9384,11.25,4.99,17.7019,17.2688
2023-07-01,2023,3,130.12,129.499,4.45,4.63,1886991.476003728,101.45794258129187,115.80592260931243,-14.66984911981429,,,-14669.849109262614,132676.66103324364,150916.64873467805,21846.37387522056,3424.222340713645,319068.8,215250.2,2660.4,212589.8,207470.1,7780.1,117834.8,90352.4,7063.0,-3805.0,-3584.6,-220.4,-700.6,-3258.1,153.7,42164.7,15077.9,504910.7,90158.1,1018.8,106697.4,29914.5,6050.1,15357.9,164746.3,11.1,-1055.063,149887.698,6473.161735,16853.284515,155506.669,-5616.641284,-5940.132922,-6284.033904,16785.74511,11.25,5.26,17.0589,17.2841
2023-10-01,2023,4,132.373,131.4757,4.66,4.41,1901762.2107427425,105.0089317970828,128.67445398367687,-23.25996233148611,,,-23259.962330916565,138819.05870292007,169552.099761361,499.5135278136907,-30068.765958913078,319481.6,215107.8,2031.3,213076.5,207100.6,8007.2,118904.4,88002.0,8201.4,-2264.5,-2472.5,208.0,-512.5,-2810.3,1058.3,41380.7,14676.2,499387.2,89675.2,876.2,108228.7,30110.3,5643.6,14852.9,163082.7,11.2,7506.597953,151306.554,7899.749448,16227.917881,150984.363,282.888359,-3692.405296,-5226.013122,16142.128012,11.25,5.33,17.5579,17.2099
2024-01-01,2024,1,134.065,133.767,4.42,4.57,1892805.68345747,109.86129962229519,136.8034528163131,-26.649321759798557,,,-26649.321778624966,141903.01863814465,172521.15817713298,49685.47595514608,15966.63707390542,332858.0,222028.3,2007.3,220021.0,214515.0,7513.3,128283.0,86114.2,7631.1,8176.6,8689.3,-512.7,10422.3,-1661.6,-584.1,41788.0,14914.4,519298.6,92802.9,1466.4,112765.3,30840.6,5395.0,16594.1,170043.9,10.6,-24580.075234,143576.285,9806.841657,14082.642619,148555.901,-5018.678831,-984.0261,-32533.604739,13956.234436,11.2225,5.33,16.9974,16.8213
2024-04-01,2024,2,134.594,134.339,4.98,4.77,1970009.3557309273,113.15414552444349,130.013303150314,-14.150188850683351,,,-14150.188856481831,143682.1386532451,160710.21332606592,29109.221438138924,13588.847378217431,323884.3,219009.8,5085.1,213924.7,212409.8,6600.0,127367.6,84619.9,7022.3,-2147.6,-1215.7,-931.9,-219.3,-1399.0,-529.3,37962.3,14522.2,517418.2,91330.2,1293.7,112673.7,30185.0,5204.2,15449.1,166794.0,10.4,-911.249792,156100.958,7771.225054,17243.847473,162037.017,-5933.592618,-2075.110138,-10000.696274,17098.149238,11.0,5.33,17.2459,18.1559
2024-07-01,2024,3,136.08,136.032,4.58,5.04,1816556.6513935814,95.31857062394427,113.01016765202702,-15.502059713893582,,,-15502.059702280405,125024.70381123312,148843.08836570947,28046.882390202703,12020.000052787162,328790.2,224748.5,4931.0,219817.5,217980.8,6767.7,128907.8,88983.4,6857.3,3743.4,3594.4,149.0,-152.7,4044.4,-148.3,41121.9,14645.0,519993.3,90246.5,1049.2,112988.4,30298.4,6201.5,16085.9,168884.1,10.3,-2071.036363,156082.982,6688.725935,17033.294016,164639.207,-8549.149882,-4116.878118,-6338.305501,16933.297138,10.8462,5.2633,18.944,19.6321
2024-10-01,2024,4,137.949,137.4003,4.21,4.51,1760389.6514747979,93.01368433105165,122.25620528189174,-33.6912532903547,,,-33691.25331673927,133079.48624766647,166456.63337896703,21367.51895457374,-16098.780535158683,326100.5,221048.0,2721.3,218326.7,213870.5,7177.5,125121.8,88212.4,7713.8,-248.2,-641.9,393.7,-1002.6,-135.1,889.5,41447.4,14236.6,520856.0,87195.3,915.6,113060.2,28765.5,5541.6,15868.7,168703.0,9.8,10822.161976,161916.863,8689.483094,16386.597507,160985.903,926.828638,-1876.214913,-4528.829909,16300.37816,10.3379,4.65,20.0875,20.2428
